compound_cid	compound_predicted_score	target_range	target_relevance	average_relevance
CID_24403	0.69	0.14 < P03372 <= 0.22	0.002779518506478253	0.0019113573407202214
CID_11509	0.5703333333333334	0.22 < P03372 <= 0.30	0.0007748791856971214	0.001579870729455217
CID_6527	0.72	P03372 > 0.30	0.0008115025425965232	0.0019944598337950136
CID_12259684	0.642	P03372 > 0.30	0.001793299409871	0.001778393351800554
CID_8072	0.7	0.22 < P03372 <= 0.30	0.000804284596592573	0.0019390581717451522
CID_235905	0.93	P03372 > 0.30	0.005102186417212804	0.00257617728531856
CID_2733526	0.64	P03372 > 0.30	0.0034106626657066127	0.001772853185595568
CID_6037	0.71	P03372 > 0.30	0.004587758954539735	0.001966759002770083
CID_8652	0.8283333333333335	0.22 < P03372 <= 0.30	0.006470690087448005	0.002294552169898431
CID_155143	0.92	P03372 <= 0.14	-0.0010116899123579926	0.002548476454293629
CID_23677967	0.19269480519480514	0.14 < P03372 <= 0.22	0.00023283304163118022	0.0005337806238083245
CID_65067	0.65	0.14 < P03372 <= 0.22	0.004257307508147989	0.0018005540166204986
CID_7184	0.8861904761904761	P03372 > 0.30	0.0027203817723306105	0.0024548212636855294
CID_3341	0.565	P03372 > 0.30	0.00203003911218109	0.001565096952908587
CID_8955	0.94	P03372 > 0.30	0.007965841517595268	0.00260387811634349
CID_13089	0.7583333333333333	0.14 < P03372 <= 0.22	0.004035370111225502	0.002100646352723915
CID_66357	0.6605714285714285	0.14 < P03372 <= 0.22	0.0007930947589779571	0.001829837752275425
CID_2724103	0.735	P03372 <= 0.14	0.0063936651830900386	0.00203601108033241
CID_20691	0.72	0.14 < P03372 <= 0.22	0.0010174254529794805	0.0019944598337950136
CID_6238	0.86	0.14 < P03372 <= 0.22	0.0040210416903783365	0.0023822714681440444
CID_21653	0.64	P03372 <= 0.14	-0.0006244700426622566	0.001772853185595568
CID_60198	0.98	P03372 > 0.30	0.005431710299417832	0.002714681440443213
CID_9046	0.96	P03372 > 0.30	0.0061055276202939485	0.0026592797783933516
CID_67172	0.7616666666666666	P03372 > 0.30	0.004113074763940568	0.0021098799630655586
CID_6434144	0.66	0.22 < P03372 <= 0.30	0.0023170727542155354	0.0018282548476454294
CID_65784	0.67	0.22 < P03372 <= 0.30	0.005045992649784562	0.0018559556786703602
CID_5280443	0.93	0.22 < P03372 <= 0.30	-0.0008440243401489805	0.00257617728531856
CID_68570	1.0	P03372 > 0.30	0.0038566302123572965	0.002770083102493075
CID_9352	0.725	P03372 <= 0.14	-0.000611070073592375	0.0020083102493074793
CID_3032792	0.6733333333333335	P03372 <= 0.14	0.0022930749730030076	0.001865189289012004
CID_7881	0.57	0.22 < P03372 <= 0.30	3.893326491991405e-05	0.0015789473684210526
CID_25238	0.75	0.22 < P03372 <= 0.30	0.0015116554639497512	0.002077562326869806
CID_36565	0.81	P03372 <= 0.14	0.0027020966350725503	0.0022437673130193906
CID_10931	0.7	P03372 > 0.30	0.0017963184560488145	0.0019390581717451522
CID_75547	0.9216666666666667	0.22 < P03372 <= 0.30	-0.0011850491787103734	0.002553093259464451
CID_119020	0.67	P03372 > 0.30	0.005746502192618058	0.0018559556786703602
CID_18343	0.61	P03372 <= 0.14	0.0008965513267740683	0.0016897506925207756
CID_7103	0.8483333333333334	P03372 > 0.30	3.6299835329371564e-05	0.002349953831948292
CID_6670	0.68	0.14 < P03372 <= 0.22	0.001239633716310455	0.001883656509695291
CID_5281708	0.9075	P03372 > 0.30	0.0037238977649556547	0.0025138504155124653
CID_6259	0.76	0.14 < P03372 <= 0.22	0.0033006876344899767	0.002105263157894737
CID_37768	0.59	0.22 < P03372 <= 0.30	0.0018557866254268064	0.001634349030470914
CID_24744	0.67	P03372 <= 0.14	0.0026406790615781488	0.0018559556786703602
CID_13254	0.8690000000000001	0.14 < P03372 <= 0.22	0.0010771998206142207	0.002407202216066482
CID_6782	0.6233333333333334	0.14 < P03372 <= 0.22	0.003952870232869749	0.0017266851338873501
CID_9568628	0.85	0.14 < P03372 <= 0.22	0.004004141015216421	0.0023545706371191134
CID_5284533	0.775	0.14 < P03372 <= 0.22	0.005892951216100117	0.002146814404432133
CID_10382	0.72	P03372 <= 0.14	-0.0025792212965850872	0.0019944598337950136
CID_25622	0.3174761904761905	0.14 < P03372 <= 0.22	0.0014948470760246734	0.0008794354306819682
CID_7546	0.9083333333333333	P03372 > 0.30	0.002808543361948449	0.0025161588180978764
CID_5832	0.96	P03372 <= 0.14	0.00524058781816921	0.0026592797783933516
CID_31307	0.69	0.14 < P03372 <= 0.22	-0.0008647073723116626	0.0019113573407202214
CID_21070	0.96	P03372 > 0.30	0.0005375076751387776	0.0026592797783933516
CID_8679	0.8986666666666667	P03372 <= 0.14	0.002365223870611502	0.00248938134810711
CID_20849290	0.66	P03372 > 0.30	0.0022829090498552307	0.0018282548476454294
CID_17185	0.2414145021645021	0.22 < P03372 <= 0.30	0.0009671282276770645	0.0006687382331426651
CID_5281034	0.725	0.22 < P03372 <= 0.30	0.004655702332701568	0.0020083102493074793
CID_31426	0.77	0.14 < P03372 <= 0.22	-0.0005521518275788869	0.002132963988919668
CID_87250	0.4710000000000001	0.14 < P03372 <= 0.22	0.0013176749076016236	0.0013047091412742384
CID_23674	0.66	P03372 > 0.30	-0.0007531343558026397	0.0018282548476454294
CID_66030	1.0	P03372 > 0.30	-0.0007576949470856936	0.002770083102493075
CID_23019	0.8479960317460317	P03372 > 0.30	0.0026641973095674334	0.0023490194785208635
CID_72068	0.71	P03372 > 0.30	-0.0009471694541501696	0.001966759002770083
CID_5827	0.63	P03372 <= 0.14	0.003169557581875162	0.0017451523545706372
CID_60196360	0.65	0.14 < P03372 <= 0.22	0.003771839746875559	0.0018005540166204986
CID_91664	0.6	0.22 < P03372 <= 0.30	0.0017300941681825382	0.0016620498614958448
CID_31291	0.6569920634920634	P03372 > 0.30	0.004128642586254654	0.0018199226135514222
CID_441401	0.68	0.14 < P03372 <= 0.22	0.0022335373830419027	0.001883656509695291
CID_60196420	0.66	0.22 < P03372 <= 0.30	0.002844981864590518	0.0018282548476454294
CID_75282	0.65	0.14 < P03372 <= 0.22	0.0017477928769565648	0.0018005540166204986
CID_67589	0.67	0.14 < P03372 <= 0.22	0.002422743675237872	0.0018559556786703602
CID_1539	0.8691666666666668	P03372 <= 0.14	-0.00038932987864639067	0.0024076638965835643
CID_29354	0.868	P03372 > 0.30	0.004279054223216565	0.002404432132963989
CID_7102	0.8731666666666668	P03372 <= 0.14	0.0043684164684513445	0.002418744228993537
CID_30323	0.68	P03372 > 0.30	0.005127529012784444	0.001883656509695291
CID_16420	0.62	P03372 <= 0.14	0.0036778834314511997	0.0017174515235457064
CID_5881	1.0	P03372 > 0.30	0.0015259796741397742	0.002770083102493075
CID_11774	0.7425	0.22 < P03372 <= 0.30	0.0017243478315523665	0.002056786703601108
CID_8830	0.29841666666666666	0.22 < P03372 <= 0.30	0.0021709941466534675	0.0008266389658356417
CID_24685	0.66	P03372 <= 0.14	0.0028038872417860306	0.0018282548476454294
CID_17570	0.86	P03372 > 0.30	0.009420644317245644	0.0023822714681440444
CID_5803	0.7075	P03372 > 0.30	0.0026022815437235507	0.0019598337950138506
CID_7180	0.846	0.14 < P03372 <= 0.22	0.0008638691865334763	0.0023434903047091413
CID_9677	0.99	P03372 <= 0.14	0.004561941855718327	0.002742382271468144
CID_5354198	0.91	P03372 > 0.30	0.0006537951659010815	0.002520775623268698
CID_6252	0.57	0.14 < P03372 <= 0.22	0.0028723340377899273	0.0015789473684210526
CID_86367	0.745	P03372 <= 0.14	0.0011772920641198706	0.002063711911357341
CID_5364495	0.6733333333333333	P03372 > 0.30	0.0016030729442778006	0.0018651892890120037
CID_101576	0.59	0.14 < P03372 <= 0.22	0.00442345595758755	0.001634349030470914
CID_9270	0.7666666666666666	P03372 <= 0.14	0.010386344285287669	0.002123730378578024
CID_11622	0.32582142857142854	0.22 < P03372 <= 0.30	-0.0017411881439841899	0.0009025524337158685
CID_54339	0.81	P03372 <= 0.14	0.00038170307921511727	0.0022437673130193906
CID_8364	0.71	P03372 > 0.30	0.0018484339729252907	0.001966759002770083
CID_62630	0.40264285714285714	0.22 < P03372 <= 0.30	0.0008670265957738724	0.0011153541749109616
CID_445154	0.8183333333333332	P03372 > 0.30	0.0028256735225446255	0.0022668513388734994
CID_70400	0.79	0.22 < P03372 <= 0.30	0.0005092664881275135	0.002188365650969529
CID_74867	0.5465000000000001	0.22 < P03372 <= 0.30	0.0021468988072607153	0.0015138504155124655
CID_5311100	0.68	P03372 > 0.30	0.0025341234802078645	0.001883656509695291
CID_86751	0.46630952380952384	0.22 < P03372 <= 0.30	0.0006467102451915549	0.001291716132436354
CID_5280863	0.9	P03372 > 0.30	0.0015895636202318433	0.002493074792243767
CID_7472	0.8158333333333334	P03372 <= 0.14	0.0025752440561554123	0.002259926131117267
CID_12004215	0.61	P03372 > 0.30	0.00019237401998584353	0.0016897506925207756
CID_62210	0.7	P03372 <= 0.14	0.002605341514550666	0.0019390581717451522
CID_23079882	0.67	0.22 < P03372 <= 0.30	0.0019173959113965404	0.0018559556786703602
CID_23540	0.76	P03372 <= 0.14	0.0026073927681259305	0.002105263157894737
CID_7713	0.8	P03372 > 0.30	0.004324638572351131	0.00221606648199446
CID_5877	0.7091666666666667	0.14 < P03372 <= 0.22	-0.001390446297447404	0.0019644506001846723
CID_8186	0.6569920634920634	P03372 > 0.30	0.0026087050894557113	0.0018199226135514222
CID_68304	0.68	P03372 > 0.30	0.004129445830034985	0.001883656509695291
CID_41684	0.7	P03372 <= 0.14	0.003484553794449138	0.0019390581717451522
CID_35751	0.75	0.22 < P03372 <= 0.30	0.004594890880106982	0.002077562326869806
CID_8570	0.765	P03372 > 0.30	0.0047038220669371935	0.002119113573407202
CID_4602	0.83	0.22 < P03372 <= 0.30	0.005922836127096438	0.0022991689750692518
CID_98282	0.66	P03372 <= 0.14	0.00245241715285756	0.0018282548476454294
CID_5284594	0.71	P03372 > 0.30	-0.0018917465441800811	0.001966759002770083
CID_6439929	0.5063333333333334	P03372 > 0.30	-0.0019057216807221783	0.0014025854108956604
CID_5284557	1.0	P03372 > 0.30	0.0014694783881968212	0.002770083102493075
CID_10168	0.72	P03372 > 0.30	0.006969567906232584	0.0019944598337950136
CID_12111	0.9533333333333335	P03372 > 0.30	0.0027968061295778716	0.002640812557710065
CID_6643	0.82	P03372 > 0.30	0.0003285670347067512	0.002271468144044321
CID_75628	0.6859999999999999	P03372 <= 0.14	0.001566522561674052	0.001900277008310249
CID_65326	0.61	0.14 < P03372 <= 0.22	0.002624147710791619	0.0016897506925207756
CID_23663404	0.71	P03372 > 0.30	0.0006805018281054537	0.001966759002770083
CID_5281080	0.55	P03372 > 0.30	0.003888025122979209	0.0015235457063711912
CID_36870	0.71	P03372 > 0.30	0.001201949009989949	0.001966759002770083
CID_5281607	0.93	0.22 < P03372 <= 0.30	-0.00031063644991125244	0.00257617728531856
CID_5281575	0.765	0.22 < P03372 <= 0.30	0.0004805280953257598	0.002119113573407202
CID_6051	0.7216666666666666	P03372 <= 0.14	0.0043597466972593885	0.0019990766389658353
CID_44561	0.62	0.14 < P03372 <= 0.22	0.0026205122631836305	0.0017174515235457064
CID_8663	0.6987738095238094	0.22 < P03372 <= 0.30	0.0037509929916615774	0.001935661522226619
CID_75576	0.4676666666666667	P03372 <= 0.14	0.0008250328374037159	0.0012954755309325947
CID_6537498	0.67	0.22 < P03372 <= 0.30	0.0008008454157803435	0.0018559556786703602
CID_5281227	0.685	0.22 < P03372 <= 0.30	0.0009517437349098641	0.0018975069252077563
CID_92387	0.66	0.14 < P03372 <= 0.22	0.0006538923515279382	0.0018282548476454294
CID_8880	0.62	P03372 > 0.30	-0.0011372021980236477	0.0017174515235457064
CID_7595	0.7433333333333333	P03372 <= 0.14	0.0030406354249455695	0.0020590951061865187
CID_14743	0.97	0.14 < P03372 <= 0.22	0.002653022524356983	0.0026869806094182826
CID_7020	0.79	0.14 < P03372 <= 0.22	0.004346511850377332	0.002188365650969529
CID_3743	0.68	P03372 <= 0.14	0.0005208203108992583	0.001883656509695291
CID_23347	0.6018181818181818	0.14 < P03372 <= 0.22	0.004225302613940517	0.0016670863762276505
CID_2724385	0.6066666666666667	0.22 < P03372 <= 0.30	0.0012099518127244315	0.001680517082179132
CID_863	0.59375	0.22 < P03372 <= 0.30	0.00296986866222984	0.001644736842105263
CID_2999413	0.6766666666666665	P03372 > 0.30	0.00021296767775677377	0.0018744228993536468
CID_67174	0.7825	P03372 > 0.30	0.00418506608411882	0.002167590027700831
CID_4921	0.72	0.22 < P03372 <= 0.30	-0.0008932686803557759	0.0019944598337950136
CID_7076	0.47585714285714287	0.14 < P03372 <= 0.22	0.0013864163017808838	0.0013181638306292045
CID_92877	0.92	0.22 < P03372 <= 0.30	0.0012935563301891301	0.002548476454293629
CID_7659	0.92	0.22 < P03372 <= 0.30	-0.0010907940223998211	0.002548476454293629
CID_76302	0.96	P03372 > 0.30	0.005883669996807446	0.0026592797783933516
CID_6001	0.28254545454545454	0.22 < P03372 <= 0.30	-0.003688663878365514	0.0007826743893225887
CID_576026	0.6	P03372 > 0.30	0.0029363380412034913	0.0016620498614958448
CID_73848	0.74	P03372 > 0.30	-0.0002841448425255356	0.002049861495844875
CID_7509	0.73	0.14 < P03372 <= 0.22	-0.002437963498964647	0.0020221606648199446
CID_25015	1.0	P03372 > 0.30	0.0035295537353008015	0.002770083102493075
CID_5954	0.22316341991341992	0.22 < P03372 <= 0.30	-0.0030841018208316038	0.0006181812185967311
CID_4788	0.9	P03372 > 0.30	0.0040162803510773015	0.002493074792243767
CID_6626	0.72	P03372 > 0.30	0.002621881396144967	0.0019944598337950136
CID_7856	0.7	0.14 < P03372 <= 0.22	-0.0016440115662031396	0.0019390581717451522
CID_123504	0.8226666666666667	0.22 < P03372 <= 0.30	0.0028659198787309953	0.002278855032317636
CID_7327	0.75	0.22 < P03372 <= 0.30	0.0027432267137057083	0.002077562326869806
CID_73670	0.6933333333333332	P03372 <= 0.14	0.0029518325527740684	0.001920590951061865
CID_3054	0.975	P03372 > 0.30	0.006787777531950597	0.002700831024930748
CID_446925	0.665	0.22 < P03372 <= 0.30	0.003137228664151596	0.001842105263157895
CID_11937	0.30641666666666667	P03372 <= 0.14	0.0028922307250405692	0.0008487996306555864
CID_9549168	0.64	P03372 > 0.30	0.002545093275171452	0.001772853185595568
CID_2723617	0.73	0.22 < P03372 <= 0.30	0.0006630390857668307	0.0020221606648199446
CID_19571	0.96	P03372 > 0.30	0.0022218334524990585	0.0026592797783933516
CID_16760569	0.6	0.14 < P03372 <= 0.22	0.001589132840039668	0.0016620498614958448
CID_6291	0.7925	P03372 > 0.30	0.003909877691687531	0.002195290858725762
CID_10486	0.66	0.22 < P03372 <= 0.30	0.0025230727836886256	0.0018282548476454294
CID_69150	0.9425	0.22 < P03372 <= 0.30	0.0032500451528536425	0.002610803324099723
CID_69317	0.8	0.14 < P03372 <= 0.22	0.0027633979731933435	0.00221606648199446
CID_638024	0.71	P03372 <= 0.14	0.0005554809577829814	0.001966759002770083
CID_5323714	0.69	P03372 <= 0.14	-0.002551289307350754	0.0019113573407202214
CID_28767	0.63	P03372 > 0.30	0.0035699116878622535	0.0017451523545706372
CID_2482	0.72	P03372 <= 0.14	0.0012764888687082294	0.0019944598337950136
CID_17038	0.69	0.14 < P03372 <= 0.22	0.001489848993483525	0.0019113573407202214
CID_12472902	0.7330357142857145	P03372 > 0.30	0.003123615453537367	0.002030569845666799
CID_10685477	0.78	P03372 > 0.30	0.0009703868799409048	0.0021606648199445984
CID_6128	0.98	P03372 > 0.30	0.0013348159227500383	0.002714681440443213
CID_9936727	0.4255	P03372 > 0.30	0.0016298711306093287	0.0011786703601108033
CID_61247	0.62	0.14 < P03372 <= 0.22	0.0016842570459346205	0.0017174515235457064
CID_38360	0.73	P03372 > 0.30	0.002953361102035013	0.0020221606648199446
CID_62827	0.58	0.22 < P03372 <= 0.30	-0.0006544394926964336	0.0016066481994459832
CID_22206	0.58	P03372 <= 0.14	0.005282501609323841	0.0016066481994459832
CID_13081	0.72	0.22 < P03372 <= 0.30	0.001120374896289736	0.0019944598337950136
CID_16211101	0.67	0.22 < P03372 <= 0.30	0.0011819729766267585	0.0018559556786703602
CID_81259	0.8859999999999999	P03372 > 0.30	0.00455435967919189	0.002454293628808864
CID_7003	0.7273333333333334	0.22 < P03372 <= 0.30	0.0035421227375964964	0.00201477377654663
CID_92786	0.631681818181818	P03372 > 0.30	0.0007293300535768037	0.0017498111306975567
CID_33775	0.68	P03372 <= 0.14	0.0025107971760125517	0.001883656509695291
CID_8159	0.1250105923241741	0.22 < P03372 <= 0.30	-0.001288237474336191	0.0003462897294298452
CID_7476	0.65	P03372 <= 0.14	-0.003008986085236658	0.0018005540166204986
CID_6604561	0.66	P03372 > 0.30	0.0001323877625705283	0.0018282548476454294
CID_222757	0.93	P03372 > 0.30	0.006485082537698225	0.00257617728531856
CID_4115	0.805	0.14 < P03372 <= 0.22	0.0013464693649961495	0.0022299168975069253
CID_3032325	0.84	P03372 > 0.30	0.004211416619330516	0.002326869806094183
CID_21387	0.6987738095238094	0.22 < P03372 <= 0.30	0.0015558098257258764	0.001935661522226619
CID_8546	0.73	0.14 < P03372 <= 0.22	0.0014187018220625839	0.0020221606648199446
CID_5284469	0.62	0.22 < P03372 <= 0.30	-0.0008783626550620839	0.0017174515235457064
CID_657220	0.7258333333333333	P03372 > 0.30	0.0014768043936176035	0.00201061865189289
CID_192197	0.95	P03372 > 0.30	0.0052923864836683	0.002631578947368421
CID_29307	0.63	0.14 < P03372 <= 0.22	0.004419554344291483	0.0017451523545706372
CID_60196438	0.6866666666666665	P03372 <= 0.14	0.0042577132253236475	0.0019021237303785776
CID_6672	0.29935714285714277	P03372 <= 0.14	0.0028075234468230193	0.0008292441630391766
CID_6619	0.604	P03372 <= 0.14	0.0013306479898500421	0.001673130193905817
CID_441351	0.74	P03372 > 0.30	0.002671741575439636	0.002049861495844875
CID_7834	0.6	0.14 < P03372 <= 0.22	0.0016406247492539887	0.0016620498614958448
CID_5280378	0.885	0.22 < P03372 <= 0.30	0.0008371145989971782	0.0024515235457063713
CID_11219835	0.63	P03372 <= 0.14	-0.0002810712082085181	0.0017451523545706372
CID_27944	0.59	0.14 < P03372 <= 0.22	0.0006619758854360681	0.001634349030470914
CID_26133	0.4717857142857143	P03372 <= 0.14	-0.0008129596361339934	0.0013068856351404828
CID_73852	0.9625	0.22 < P03372 <= 0.30	0.0048491999447957635	0.0026662049861495844
CID_3338	0.66	P03372 > 0.30	0.0016120329657548565	0.0018282548476454294
CID_1550489	0.58	P03372 <= 0.14	-0.001679969354218523	0.0016066481994459832
CID_5918804	0.7533333333333334	P03372 > 0.30	-0.000640014306738897	0.0020867959372114497
CID_5378708	0.6214285714285714	0.14 < P03372 <= 0.22	0.0016710619042256414	0.0017214087851206965
CID_20701	0.7125	P03372 > 0.30	0.0007821763033548618	0.001973684210526316
CID_5284341	0.72	P03372 <= 0.14	0.0018322728219585518	0.0019944598337950136
CID_14589	0.795	0.14 < P03372 <= 0.22	0.005140153665405787	0.0022022160664819947
CID_60613	0.67	0.22 < P03372 <= 0.30	0.002964754580566109	0.0018559556786703602
CID_2040	0.68	P03372 <= 0.14	0.003602439537314463	0.001883656509695291
CID_56638112	0.75	P03372 > 0.30	-0.000642268419325106	0.002077562326869806
CID_12358742	0.805	0.14 < P03372 <= 0.22	0.002513957631783242	0.0022299168975069253
CID_60651	0.67	P03372 > 0.30	-0.0012210066251276816	0.0018559556786703602
CID_6975516	0.7	P03372 > 0.30	0.004116249554939814	0.0019390581717451522
CID_9909677	0.56	0.22 < P03372 <= 0.30	-0.0001368412358184551	0.001551246537396122
CID_71873	0.635	P03372 > 0.30	0.003203896793946037	0.0017590027700831025
CID_16834	0.69	P03372 <= 0.14	-0.000901012890564159	0.0019113573407202214
CID_95717	0.81	0.22 < P03372 <= 0.30	0.0008546175683802637	0.0022437673130193906
CID_6053	0.84	P03372 <= 0.14	0.0024948857575142164	0.002326869806094183
CID_111332	0.8141666666666667	P03372 <= 0.14	0.0028079209059222055	0.0022553093259464452
CID_60196383	0.69	0.22 < P03372 <= 0.30	0.0031113265408869283	0.0019113573407202214
CID_7518	0.69	P03372 <= 0.14	0.0076650743429655995	0.0019113573407202214
CID_66597	0.76	P03372 > 0.30	0.0012751783379713337	0.002105263157894737
CID_19958	0.69	P03372 <= 0.14	0.003580443544055611	0.0019113573407202214
CID_23694217	0.75	P03372 > 0.30	0.005140293191523305	0.002077562326869806
CID_9821849	0.71	P03372 > 0.30	0.005091885440931274	0.001966759002770083
CID_146540	0.66	P03372 <= 0.14	-0.000707847983262585	0.0018282548476454294
CID_14127	0.8008253968253968	P03372 > 0.30	0.004421036763229996	0.002218352899793343
CID_9849425	0.69	0.14 < P03372 <= 0.22	0.0022563297899428555	0.0019113573407202214
CID_156414	0.78	0.22 < P03372 <= 0.30	-0.00037417550590524763	0.0021606648199445984
CID_4790	0.58	0.22 < P03372 <= 0.30	0.006434133510852105	0.0016066481994459832
CID_7194	0.892	0.22 < P03372 <= 0.30	0.0014625954600999067	0.0024709141274238226
CID_15730	1.0	P03372 > 0.30	0.0019141142557084826	0.002770083102493075
CID_5756	0.91	P03372 > 0.30	0.00426126096798683	0.002520775623268698
CID_10476437	0.7716666666666666	0.14 < P03372 <= 0.22	0.0002540441310114645	0.002137580794090489
CID_5934	0.75	P03372 <= 0.14	0.003140037151225153	0.002077562326869806
CID_7495	0.65	P03372 > 0.30	0.0018831253101985936	0.0018005540166204986
CID_9904	1.0	P03372 > 0.30	0.006414658012473427	0.002770083102493075
CID_5757	1.0	P03372 > 0.30	0.000931527576607203	0.002770083102493075
CID_5198	0.64	0.22 < P03372 <= 0.30	0.0018153414471973868	0.001772853185595568
CID_6918235	0.6075	P03372 > 0.30	0.0013298855066797817	0.001682825484764543
CID_11767	0.4172023809523809	P03372 <= 0.14	0.0026288440726208815	0.001155685265796069
CID_18360	0.71	0.22 < P03372 <= 0.30	0.0029161770918989887	0.001966759002770083
CID_8434	0.71	0.14 < P03372 <= 0.22	0.00454428808051616	0.001966759002770083
CID_8571	0.9625	0.22 < P03372 <= 0.30	0.005190488299864437	0.0026662049861495844
CID_96088	0.9166666666666667	0.22 < P03372 <= 0.30	0.0007779767426552314	0.0025392428439519853
CID_86607	0.76	0.14 < P03372 <= 0.22	0.0036661055354149006	0.002105263157894737
CID_28417	0.75	P03372 > 0.30	-0.0013569780807264366	0.002077562326869806
CID_18502	0.72	0.14 < P03372 <= 0.22	0.003708228626239447	0.0019944598337950136
CID_8572	0.8875	0.22 < P03372 <= 0.30	0.0033879589108158263	0.0024584487534626037
CID_6773	0.85	0.14 < P03372 <= 0.22	0.0016557812384889342	0.0023545706371191134
CID_5284517	0.69	P03372 > 0.30	0.003613149626077519	0.0019113573407202214
CID_223368	0.95	P03372 > 0.30	0.0032549425386855704	0.002631578947368421
CID_162834	0.57	P03372 <= 0.14	0.004786303677449613	0.0015789473684210526
CID_7572	0.78	0.14 < P03372 <= 0.22	-0.00030510706568457127	0.0021606648199445984
CID_7175	0.82	P03372 > 0.30	0.005436293810089731	0.002271468144044321
CID_6702	0.8266666666666667	P03372 <= 0.14	0.0018963242883734022	0.0022899353647276087
CID_115366	0.63	P03372 > 0.30	0.000650043082177155	0.0017451523545706372
CID_60196432	0.62	P03372 > 0.30	0.002860677609130725	0.0017174515235457064
CID_31353	0.84	P03372 > 0.30	0.002739895854492364	0.002326869806094183
CID_10308	0.725	P03372 <= 0.14	0.004728236481766293	0.0020083102493074793
CID_5897	0.735	P03372 <= 0.14	0.00509677391842627	0.00203601108033241
CID_5920	0.28438095238095223	P03372 > 0.30	-0.0006270144195703589	0.0007877588708613635
CID_8615	0.785	P03372 <= 0.14	-0.0016293014950403775	0.0021745152354570637
CID_261668	0.6605555555555556	0.22 < P03372 <= 0.30	-0.001337161079877791	0.00182979378270237
CID_29216	0.69	P03372 <= 0.14	0.004464166277388274	0.0019113573407202214
CID_7108	0.7136666666666668	P03372 <= 0.14	0.0026005573023261197	0.0019769159741458912
CID_387179	0.72	P03372 <= 0.14	0.005659820684647998	0.0019944598337950136
CID_10633	0.631681818181818	P03372 > 0.30	0.004740442277815905	0.0017498111306975567
CID_8225	0.715	0.22 < P03372 <= 0.30	-0.0016801240935428686	0.0019806094182825483
CID_40973	0.97	P03372 <= 0.14	0.0020497115685012184	0.0026869806094182826
CID_9882837	0.6466666666666667	0.22 < P03372 <= 0.30	0.0031166928050948323	0.0017913204062788553
CID_541	0.58	P03372 <= 0.14	-0.000442813510861007	0.0016066481994459832
CID_60196368	0.73	P03372 <= 0.14	0.0016863377314217014	0.0020221606648199446
CID_13765	0.94	P03372 <= 0.14	0.00339836044008762	0.00260387811634349
CID_16036578	0.66	P03372 <= 0.14	0.00015735020758535353	0.0018282548476454294
CID_14347	0.97	0.22 < P03372 <= 0.30	0.0043222401201856095	0.0026869806094182826
CID_66166	0.93	P03372 > 0.30	0.005082031833497075	0.00257617728531856
CID_3036	0.7553333333333333	0.22 < P03372 <= 0.30	0.0017950344579151273	0.0020923361034164358
CID_10982	0.52	0.14 < P03372 <= 0.22	0.003925308892973366	0.001440443213296399
CID_19592	0.835	P03372 > 0.30	0.0032295448941074647	0.0023130193905817175
CID_10680	0.9275	0.22 < P03372 <= 0.30	0.0018347638339082611	0.002569252077562327
CID_2361	0.9275	0.22 < P03372 <= 0.30	0.00020282678610432917	0.002569252077562327
CID_10140	0.6875	P03372 > 0.30	0.0033649031153890293	0.001904432132963989
CID_9462	0.895	P03372 <= 0.14	0.0029086258158349297	0.002479224376731302
CID_3032818	0.87	P03372 > 0.30	0.004238372715413089	0.002409972299168975
CID_5282430	0.64	0.22 < P03372 <= 0.30	0.00215002392814147	0.001772853185595568
CID_7340	0.79	P03372 <= 0.14	0.007429807122967176	0.002188365650969529
CID_101560	0.71	0.14 < P03372 <= 0.22	-0.0017811224428944015	0.001966759002770083
CID_65758	0.696	P03372 <= 0.14	0.0012041054821129895	0.00192797783933518
CID_17113	0.84	P03372 > 0.30	-0.0028198387896327896	0.002326869806094183
CID_4807	0.66	0.22 < P03372 <= 0.30	-0.0002965074519913751	0.0018282548476454294
CID_16837	0.745	0.22 < P03372 <= 0.30	0.005087553444312481	0.002063711911357341
CID_5742631	0.75	0.14 < P03372 <= 0.22	0.0038511177122529	0.002077562326869806
CID_7483	0.7	P03372 <= 0.14	-2.778484653505422e-05	0.0019390581717451522
CID_155290	0.72	P03372 > 0.30	0.00023757559579748637	0.0019944598337950136
CID_61503	0.4699761904761905	0.22 < P03372 <= 0.30	0.004258794100539104	0.001301873103812162
CID_8749	0.695	P03372 <= 0.14	-0.003279375592331615	0.0019252077562326869
CID_1549133	0.66	P03372 > 0.30	-0.00017388151294581904	0.0018282548476454294
CID_65329	0.7125	0.22 < P03372 <= 0.30	-0.0006630931684594686	0.001973684210526316
CID_95170	0.3196269841269839	0.22 < P03372 <= 0.30	-0.0014937021833563706	0.0008853933078309804
CID_23435	0.71	P03372 > 0.30	0.0018053893569518291	0.001966759002770083
CID_65682	0.71	P03372 <= 0.14	0.006352361250040159	0.001966759002770083
CID_11796	0.88	P03372 > 0.30	0.0054361989093259545	0.002437673130193906
CID_8289	0.79	P03372 <= 0.14	0.003102631073666108	0.002188365650969529
CID_5161	0.7605	P03372 > 0.30	0.0025605736042059765	0.002106648199445983
CID_9570475	0.718	P03372 > 0.30	0.005542580020617022	0.0019889196675900275
CID_66449	0.67	P03372 > 0.30	0.0018111910862563872	0.0018559556786703602
CID_16961	0.4513333333333333	0.14 < P03372 <= 0.22	0.0016996319229958812	0.001250230840258541
CID_5952	0.79	P03372 <= 0.14	0.005127479921792468	0.002188365650969529
CID_197873	0.83	P03372 <= 0.14	0.008833458407174715	0.0022991689750692518
CID_4753	0.61	0.14 < P03372 <= 0.22	-0.0014128375285973219	0.0016897506925207756
CID_31477	0.74	P03372 > 0.30	0.0015485023043471252	0.002049861495844875
CID_156328	0.69	P03372 > 0.30	-0.00014240479177287638	0.0019113573407202214
CID_11742	0.8775	0.22 < P03372 <= 0.30	-0.00042494540949166695	0.002430747922437673
CID_10771	0.72	P03372 <= 0.14	0.0009548500416409285	0.0019944598337950136
CID_8105	0.3928809523809524	0.14 < P03372 <= 0.22	-0.0009945677010802642	0.0010883128874818627
CID_151170	0.6375	P03372 > 0.30	0.0013422205620851107	0.0017659279778393351
CID_7585	0.758	P03372 > 0.30	-0.00042210179469963236	0.0020997229916897508
CID_60966	0.6333333333333333	0.22 < P03372 <= 0.30	-0.0015030660850159081	0.0017543859649122805
CID_299	0.7113333333333333	P03372 <= 0.14	0.0038873942551360618	0.0019704524469067405
CID_26295	0.87	0.22 < P03372 <= 0.30	0.0031690826348808165	0.002409972299168975
CID_55305	0.67	P03372 <= 0.14	0.002741838104955409	0.0018559556786703602
CID_16210995	0.62	P03372 <= 0.14	0.0032410057233781438	0.0017174515235457064
CID_94932	0.6825	0.22 < P03372 <= 0.30	0.005951038849156215	0.0018905817174515234
CID_65359	0.66	P03372 > 0.30	-0.001774604715976544	0.0018282548476454294
CID_6641	0.71	0.22 < P03372 <= 0.30	0.003113119735324343	0.001966759002770083
CID_3224	0.7	0.14 < P03372 <= 0.22	0.0018244335905768451	0.0019390581717451522
CID_22086	0.715	P03372 <= 0.14	0.00486742852624678	0.0019806094182825483
CID_23663992	0.63	0.22 < P03372 <= 0.30	0.0019237254664979295	0.0017451523545706372
CID_171144	0.68	P03372 > 0.30	0.004115189077350516	0.001883656509695291
CID_1057	0.56	P03372 > 0.30	0.0032386980414273988	0.001551246537396122
CID_5876571	0.8	P03372 > 0.30	0.0033129834066694713	0.00221606648199446
CID_14709	0.9066666666666667	P03372 <= 0.14	0.0029597112868319643	0.0025115420129270547
CID_5702132	0.58	0.14 < P03372 <= 0.22	0.00030349785133983355	0.0016066481994459832
CID_7248	0.423537518037518	P03372 <= 0.14	0.002610712689004854	0.0011732341219875845
CID_157355	0.49516666666666664	P03372 <= 0.14	-0.0011463434238769455	0.0013716528162511542
CID_36354	0.7	0.14 < P03372 <= 0.22	0.0021073780423126903	0.0019390581717451522
CID_6013	1.0	P03372 > 0.30	0.00730645889323186	0.002770083102493075
CID_2149	0.64	0.14 < P03372 <= 0.22	0.003948921878018775	0.001772853185595568
CID_8814	0.78	0.22 < P03372 <= 0.30	0.0024808090839595694	0.0021606648199445984
CID_65947	0.66	P03372 > 0.30	-0.0019543770251779454	0.0018282548476454294
CID_16741	0.69	P03372 <= 0.14	0.005942759296891614	0.0019113573407202214
CID_6799	0.6835	P03372 <= 0.14	0.0029939261693805366	0.0018933518005540167
CID_10891	0.4043333333333333	P03372 <= 0.14	-0.0014744632397507642	0.0011200369344413666
CID_91274	0.72	P03372 > 0.30	0.0051320093365412375	0.0019944598337950136
CID_11955	0.66	0.14 < P03372 <= 0.22	0.0004388549988741312	0.0018282548476454294
CID_107377	0.7899761904761905	P03372 > 0.30	0.0026844203122887923	0.002188299696609946
CID_7850	0.63	0.14 < P03372 <= 0.22	0.004544971105540246	0.0017451523545706372
CID_5070	0.71	0.14 < P03372 <= 0.22	0.00406237511630425	0.001966759002770083
CID_11463	0.58	0.22 < P03372 <= 0.30	-0.001776286467228164	0.0016066481994459832
CID_5355850	0.57	0.22 < P03372 <= 0.30	0.002240141308107356	0.0015789473684210526
CID_31208	0.9625	P03372 > 0.30	0.005489967109198558	0.0026662049861495844
CID_229295	0.99	P03372 <= 0.14	-6.68000292626387e-05	0.002742382271468144
CID_25146	0.63	P03372 <= 0.14	0.0010117079158151858	0.0017451523545706372
CID_2723598	0.81	P03372 <= 0.14	0.0029725600186882614	0.0022437673130193906
CID_10332	0.5828571428571429	P03372 <= 0.14	-0.001189507278704968	0.0016145627225959635
CID_6300	0.945	P03372 > 0.30	0.007761790028810046	0.0026177285318559557
CID_68952	0.89	0.14 < P03372 <= 0.22	-8.901957663244906e-05	0.0024653739612188366
CID_16143	1.0	P03372 > 0.30	0.0038607545743839415	0.002770083102493075
CID_3033674	0.4290000000000002	P03372 <= 0.14	0.0036196973903376718	0.0011883656509695296
CID_12104	0.67	P03372 <= 0.14	0.001370955647543806	0.0018559556786703602
CID_1752	1.0	P03372 > 0.30	0.007816036101215966	0.002770083102493075
CID_117640	0.66	P03372 <= 0.14	0.0029833553104061	0.0018282548476454294
CID_19529	0.65	P03372 <= 0.14	0.0014449119886710184	0.0018005540166204986
CID_9154	0.2735515873015872	0.22 < P03372 <= 0.30	-0.0026407131372529428	0.0007577606296442858
CID_5280343	0.845	P03372 > 0.30	0.002818304840820505	0.002340720221606648
CID_2734180	0.64	0.14 < P03372 <= 0.22	-0.0011861387227164412	0.001772853185595568
CID_10867	0.7689285714285714	0.22 < P03372 <= 0.30	0.0012542498100724419	0.002129996042738425
CID_68626	0.68	0.22 < P03372 <= 0.30	-0.0044175126647345	0.001883656509695291
CID_6533	0.84	P03372 > 0.30	0.005126857155065436	0.002326869806094183
CID_99288	0.2804166666666666	0.22 < P03372 <= 0.30	-0.0014031039376606108	0.0007767774699907662
CID_5858445	0.8423333333333334	P03372 > 0.30	0.001054051624090315	0.0023333333333333335
CID_608116	0.95	P03372 > 0.30	0.005198845216144248	0.002631578947368421
CID_6435378	0.87	0.22 < P03372 <= 0.30	0.004311863296965024	0.002409972299168975
CID_10634	0.91	P03372 > 0.30	0.004836067497856133	0.002520775623268698
CID_179651	0.64	P03372 <= 0.14	-0.0017312581123559965	0.001772853185595568
CID_7104	0.91	0.22 < P03372 <= 0.30	0.006587069319014268	0.002520775623268698
CID_5280363	0.64	0.22 < P03372 <= 0.30	-0.002029981887035956	0.001772853185595568
CID_22463	0.845	P03372 > 0.30	0.008496368877560582	0.002340720221606648
CID_3301	0.73	0.14 < P03372 <= 0.22	0.0022217673865501126	0.0020221606648199446
CID_16051947	0.63	P03372 > 0.30	-0.0006377290087275941	0.0017451523545706372
CID_5284555	0.59	P03372 > 0.30	0.0032966493880817226	0.001634349030470914
CID_243274	0.75	P03372 > 0.30	-0.0023083396812037193	0.002077562326869806
CID_13791	0.96	P03372 > 0.30	0.003748068118346784	0.0026592797783933516
CID_9881626	0.62	0.14 < P03372 <= 0.22	0.002679748649654636	0.0017174515235457064
CID_11137	0.67	P03372 > 0.30	0.0012552581575181966	0.0018559556786703602
CID_59708	0.61	P03372 > 0.30	-0.0019745089408897518	0.0016897506925207756
CID_90571	0.76	0.14 < P03372 <= 0.22	0.00028105179671233737	0.002105263157894737
CID_66359	0.96	P03372 <= 0.14	0.003093059560169616	0.0026592797783933516
CID_443755	0.74	P03372 <= 0.14	0.0007551106324207811	0.002049861495844875
CID_919792	0.7330357142857145	P03372 > 0.30	0.0026615817199915712	0.002030569845666799
CID_23664644	0.63	P03372 <= 0.14	0.005467958230259447	0.0017451523545706372
CID_83050	0.97	0.22 < P03372 <= 0.30	0.0006204123014348324	0.0026869806094182826
CID_7707	0.69	0.22 < P03372 <= 0.30	0.0012053933629869108	0.0019113573407202214
CID_444254	0.635	0.14 < P03372 <= 0.22	0.0012793361444589685	0.0017590027700831025
CID_7112	0.9533333333333335	P03372 > 0.30	0.002130878541916427	0.002640812557710065
CID_40520	0.67	P03372 <= 0.14	0.0014598580714071767	0.0018559556786703602
CID_6772	0.81	0.22 < P03372 <= 0.30	0.003767248258997378	0.0022437673130193906
CID_9351	0.79	P03372 <= 0.14	-0.0010280146845747236	0.002188365650969529
CID_656597	0.69	P03372 > 0.30	0.0007795996303312847	0.0019113573407202214
CID_38479	0.69	P03372 <= 0.14	0.0034581577664197305	0.0019113573407202214
CID_10041070	0.98	P03372 > 0.30	0.007359956899215069	0.002714681440443213
CID_23284	0.66	P03372 <= 0.14	-0.0011386471156005096	0.0018282548476454294
CID_192826	0.3056785714285714	0.14 < P03372 <= 0.22	0.002683072988501456	0.000846755045508508
CID_91410	0.43151653270003654	0.22 < P03372 <= 0.30	0.000114403696868828	0.0011953366556787717
CID_5974	0.56	0.22 < P03372 <= 0.30	0.0011898281373859672	0.001551246537396122
CID_61144	0.63	0.14 < P03372 <= 0.22	0.0032434061133485535	0.0017451523545706372
CID_71671	0.7011111111111111	0.14 < P03372 <= 0.22	-0.0009826702983740103	0.0019421360418590335
CID_5870	0.9483333333333333	P03372 > 0.30	-6.013655562692887e-06	0.0026269621421975992
CID_6540478	0.79	0.22 < P03372 <= 0.30	-0.0017893216314282697	0.002188365650969529
CID_5377793	0.84	P03372 <= 0.14	-0.0024657515922361334	0.002326869806094183
CID_57952	0.7	P03372 > 0.30	0.00149297840125001	0.0019390581717451522
CID_6852406	0.64	P03372 > 0.30	0.001543669108944285	0.001772853185595568
CID_10635	0.9816666666666666	P03372 > 0.30	0.0034392458163050627	0.002719298245614035
CID_5379	0.64	P03372 > 0.30	0.0041322321176006475	0.001772853185595568
CID_78435	0.6275	P03372 > 0.30	0.00029340086140704886	0.0017382271468144043
CID_19996	0.71	0.14 < P03372 <= 0.22	0.004347009551782594	0.001966759002770083
CID_70837	0.7330357142857145	P03372 > 0.30	-0.000533671447716957	0.002030569845666799
CID_11262	0.63	0.22 < P03372 <= 0.30	0.0004674967214891013	0.0017451523545706372
CID_448537	0.975	P03372 > 0.30	0.0036527762541958136	0.002700831024930748
CID_3759	0.64	P03372 <= 0.14	0.004793911431968945	0.001772853185595568
CID_6010	0.945	P03372 > 0.30	0.0017645664871743692	0.0026177285318559557
CID_5273621	0.77	0.22 < P03372 <= 0.30	0.002256975519861503	0.002132963988919668
CID_6838	0.7786666666666667	P03372 <= 0.14	0.00010448500006665846	0.002156971375807941
CID_24762	0.59	0.22 < P03372 <= 0.30	0.0004342559995285	0.001634349030470914
CID_8633	0.63	P03372 <= 0.14	0.0007002928094333385	0.0017451523545706372
CID_443947	0.96	0.22 < P03372 <= 0.30	0.0010446825550448915	0.0026592797783933516
CID_2733208	0.75	0.14 < P03372 <= 0.22	0.000965012758956226	0.002077562326869806
CID_11933	0.78	P03372 <= 0.14	0.002055872517972657	0.0021606648199445984
CID_6024	0.66	P03372 <= 0.14	-0.0010949963958645766	0.0018282548476454294
CID_15277	0.76	0.22 < P03372 <= 0.30	-0.0003785016148053401	0.002105263157894737
CID_62530	0.58	0.14 < P03372 <= 0.22	0.0034523129092888264	0.0016066481994459832
CID_16051930	0.98	0.22 < P03372 <= 0.30	0.0073770945963094565	0.002714681440443213
CID_53316418	0.63	P03372 <= 0.14	0.0046531993552094125	0.0017451523545706372
CID_53316393	0.65	P03372 > 0.30	0.005452904979582761	0.0018005540166204986
CID_68651	0.72	0.22 < P03372 <= 0.30	-0.00014742818015375293	0.0019944598337950136
CID_5281875	0.73	P03372 <= 0.14	0.0027952190113789406	0.0020221606648199446
CID_213031	0.63	P03372 > 0.30	0.0030182573891504765	0.0017451523545706372
CID_23672582	0.63	0.22 < P03372 <= 0.30	-0.0020314147529079977	0.0017451523545706372
CID_12756	0.59	0.22 < P03372 <= 0.30	0.003818303298706742	0.001634349030470914
CID_69908	0.7815833333333333	0.22 < P03372 <= 0.30	0.0040952075852329906	0.002165050784856879
CID_13109	0.98	0.22 < P03372 <= 0.30	0.006770098643829402	0.002714681440443213
CID_24868287	0.68	0.22 < P03372 <= 0.30	-0.0018286151451702834	0.001883656509695291
CID_2724144	0.65	0.14 < P03372 <= 0.22	0.0007790576379846299	0.0018005540166204986
CID_7571	0.835	0.14 < P03372 <= 0.22	-0.0014768211018112854	0.0023130193905817175
CID_7563	0.8941666666666666	0.22 < P03372 <= 0.30	0.007120597788296951	0.002476915974145891
CID_256687	0.57	0.22 < P03372 <= 0.30	-0.002271894518462042	0.0015789473684210526
CID_6650	0.675	0.22 < P03372 <= 0.30	0.006591764057378848	0.0018698060941828255
CID_2197	0.7340000000000001	0.14 < P03372 <= 0.22	-0.001849503081247581	0.002033240997229917
CID_79717	0.73875	P03372 <= 0.14	-0.0003954586735245814	0.002046398891966759
CID_107080	0.8	0.14 < P03372 <= 0.22	0.0011039761468728132	0.00221606648199446
CID_30951	0.72	0.22 < P03372 <= 0.30	0.007196392564905996	0.0019944598337950136
CID_71837	0.5	0.14 < P03372 <= 0.22	0.0011720575934508451	0.0013850415512465374
CID_7331	0.675	P03372 <= 0.14	0.001086183377883731	0.0018698060941828255
CID_23677960	0.63	0.22 < P03372 <= 0.30	-0.0006055506564816434	0.0017451523545706372
CID_10766	0.58	0.14 < P03372 <= 0.22	0.00312824745488251	0.0016066481994459832
CID_142766	0.81	0.22 < P03372 <= 0.30	0.005073941342632381	0.0022437673130193906
CID_31343	0.66	0.22 < P03372 <= 0.30	0.002418420915114203	0.0018282548476454294
CID_16114800	0.6458333333333333	P03372 <= 0.14	0.006133326340696462	0.001789012003693444
CID_71484	0.57	P03372 <= 0.14	0.0035241266278013463	0.0015789473684210526
CID_4578030	0.67	P03372 > 0.30	0.0019186869558601182	0.0018559556786703602
CID_6917787	0.6	P03372 <= 0.14	-0.00028455112575819104	0.0016620498614958448
CID_13530	0.73	0.14 < P03372 <= 0.22	-0.0016322891316410187	0.0020221606648199446
CID_79688	0.6833333333333332	P03372 > 0.30	0.0064279653749941944	0.001892890120036934
CID_667476	0.9133333333333334	P03372 > 0.30	0.002963972498269	0.0025300092336103417
CID_5281233	0.76	0.14 < P03372 <= 0.22	0.0025761623819872794	0.002105263157894737
CID_7259	0.423537518037518	P03372 <= 0.14	0.00240817026125886	0.0011732341219875845
CID_24743	0.5925	P03372 <= 0.14	0.002408837325411843	0.0016412742382271469
CID_43593	0.64	P03372 <= 0.14	0.0031662364759115743	0.001772853185595568
CID_67686	0.64	P03372 <= 0.14	0.0021028219012341927	0.001772853185595568
CID_31357	0.6025	0.22 < P03372 <= 0.30	0.00407890481194109	0.0016689750692520777
CID_6319	0.71	P03372 <= 0.14	0.0075235829573664795	0.001966759002770083
CID_7471	0.72	P03372 <= 0.14	0.005384904037047847	0.0019944598337950136
CID_93118	0.9475	P03372 > 0.30	0.0018522143795613255	0.0026246537396121886
CID_443935	0.83	0.14 < P03372 <= 0.22	0.0057600537220143955	0.0022991689750692518
CID_79633	0.6589285714285714	0.14 < P03372 <= 0.22	0.0032733092944988306	0.0018252869014641867
CID_5479	0.69	P03372 <= 0.14	0.001515799249303403	0.0019113573407202214
CID_3747	0.82	P03372 > 0.30	-0.0009262190715035724	0.002271468144044321
CID_42725	0.69	P03372 <= 0.14	-0.00017305184693134493	0.0019113573407202214
CID_8708	0.69	P03372 > 0.30	-0.0010667981383166649	0.0019113573407202214
CID_73864	0.9175	P03372 > 0.30	0.005604512617876808	0.002541551246537396
CID_5472	0.655	0.14 < P03372 <= 0.22	0.00025051962904513775	0.001814404432132964
CID_66435	0.83	P03372 > 0.30	0.004914856472988181	0.0022991689750692518
CID_8167	0.1250105923241741	0.22 < P03372 <= 0.30	-0.003567003123074141	0.0003462897294298452
CID_7619	0.65	P03372 <= 0.14	0.010537115358210567	0.0018005540166204986
CID_7214	0.69	0.14 < P03372 <= 0.22	0.0052852082473457485	0.0019113573407202214
CID_8341	0.8466666666666667	P03372 <= 0.14	0.0056213484112660715	0.00234533702677747
CID_3718	0.72	0.14 < P03372 <= 0.22	-0.0002644437176390201	0.0019944598337950136
CID_586708	0.8008253968253968	P03372 > 0.30	-0.0008525041132614185	0.002218352899793343
CID_656582	0.7796666666666667	P03372 <= 0.14	0.003373600025921992	0.002159741458910434
CID_231084	0.8333333333333335	P03372 <= 0.14	0.006365763989563935	0.002308402585410896
CID_8363	0.7225	P03372 > 0.30	0.0042063068264170155	0.0020013850415512464
CID_6442	0.69	0.22 < P03372 <= 0.30	0.004026107062737535	0.0019113573407202214
CID_43226	0.6675	0.22 < P03372 <= 0.30	0.0021583585165719826	0.0018490304709141273
CID_37511	0.6933333333333335	0.22 < P03372 <= 0.30	0.0018639157662033272	0.0019205909510618656
CID_5280373	0.91	P03372 > 0.30	0.004339238366980643	0.002520775623268698
CID_6230	1.0	P03372 > 0.30	0.00454404384947849	0.002770083102493075
CID_11957707	0.68	P03372 <= 0.14	0.0014893925348050182	0.001883656509695291
CID_62531	0.73	P03372 > 0.30	0.00018829450798854853	0.0020221606648199446
CID_5327	0.65	P03372 <= 0.14	0.0013513522320739802	0.0018005540166204986
CID_100524	0.66	0.14 < P03372 <= 0.22	0.0014691425616681598	0.0018282548476454294
CID_5991	0.99	P03372 > 0.30	0.005021921987996782	0.002742382271468144
CID_6528	0.79	P03372 <= 0.14	-0.0016744289468784998	0.002188365650969529
CID_7550	0.58	0.14 < P03372 <= 0.22	0.0025388259931716237	0.0016066481994459832
CID_174223	0.73	0.14 < P03372 <= 0.22	0.002112553534486454	0.0020221606648199446
CID_4409	0.8109999999999999	P03372 > 0.30	0.00040197831557014986	0.0022465373961218834
CID_160796	0.56	0.22 < P03372 <= 0.30	0.0016765353908640697	0.001551246537396122
CID_7479	0.72	P03372 <= 0.14	0.002561589277572568	0.0019944598337950136
CID_77781	0.64	0.22 < P03372 <= 0.30	0.0034567738568746145	0.001772853185595568
CID_31224	0.85	0.22 < P03372 <= 0.30	-0.00042221350905614793	0.0023545706371191134
CID_10374	0.79	P03372 <= 0.14	0.004504865806842018	0.002188365650969529
CID_55250378	0.7066666666666667	0.14 < P03372 <= 0.22	0.004615233444864899	0.0019575253924284395
CID_14642	0.8008253968253968	P03372 > 0.30	0.001541352290741254	0.002218352899793343
CID_62217	0.845	0.14 < P03372 <= 0.22	0.009247594322129706	0.002340720221606648
CID_3220	0.7935	P03372 <= 0.14	0.002716380880911585	0.0021980609418282547
CID_20240	0.85	0.14 < P03372 <= 0.22	0.0002738051897150795	0.0023545706371191134
CID_7638	0.8566666666666667	0.22 < P03372 <= 0.30	-0.0009519686113798904	0.002373037857802401
CID_34757	0.62	P03372 <= 0.14	-0.0007906042752277362	0.0017174515235457064
CID_7402	0.66	0.22 < P03372 <= 0.30	0.0037224108710256767	0.0018282548476454294
CID_9570290	0.69	0.14 < P03372 <= 0.22	0.004273016799150281	0.0019113573407202214
CID_9509	0.79	P03372 <= 0.14	0.002413915782179322	0.002188365650969529
CID_61100	0.72	0.22 < P03372 <= 0.30	0.006840265462948709	0.0019944598337950136
CID_14138	0.8008253968253968	P03372 > 0.30	-0.0028665511976565927	0.002218352899793343
CID_25127	0.69	P03372 <= 0.14	0.0023281814278118033	0.0019113573407202214
CID_74887	0.4369761904761905	0.14 < P03372 <= 0.22	-0.000756753840838023	0.0012104603614298906
CID_7013	0.8986666666666667	P03372 <= 0.14	0.00324902293180097	0.00248938134810711
CID_17599	0.8754166666666667	P03372 <= 0.14	0.004319084209490193	0.002424976915974146
CID_518605	0.6225	0.22 < P03372 <= 0.30	0.0018634846956402298	0.0017243767313019393
CID_12398	0.16356876456876457	0.22 < P03372 <= 0.30	0.00027731724902694296	0.0004530990708276027
CID_232446	0.88	P03372 > 0.30	0.0027132803621216562	0.002437673130193906
CID_3723	0.61	P03372 <= 0.14	0.0038398799834744204	0.0016897506925207756
CID_5475	0.5833333333333334	P03372 > 0.30	0.003192552282118279	0.0016158818097876271
CID_71321	0.69	P03372 <= 0.14	0.0027295932270783763	0.0019113573407202214
CID_70438	0.6	0.14 < P03372 <= 0.22	0.004274958009079888	0.0016620498614958448
CID_60196380	0.69	P03372 <= 0.14	0.003424767616731681	0.0019113573407202214
CID_13769	0.74	P03372 <= 0.14	0.0047052897535963265	0.002049861495844875
CID_159977	0.72	P03372 <= 0.14	0.0018178646898333595	0.0019944598337950136
CID_103005	0.77	P03372 > 0.30	0.002168413038145499	0.002132963988919668
CID_6327546	0.68	P03372 <= 0.14	0.0038105537072290092	0.001883656509695291
CID_2662	0.77	P03372 <= 0.14	-0.0016706548615513942	0.002132963988919668
CID_2723635	0.65	0.14 < P03372 <= 0.22	0.0006751738020305532	0.0018005540166204986
CID_6166	0.71	P03372 <= 0.14	-0.00010589895303107934	0.001966759002770083
CID_8689	0.8125	P03372 <= 0.14	0.001352150103669277	0.0022506925207756235
CID_11831	0.7698690476190475	P03372 <= 0.14	-0.0016364770796240503	0.00213260123994196
CID_5362123	0.68	P03372 > 0.30	0.0021574417492189997	0.001883656509695291
CID_23663954	0.7	0.14 < P03372 <= 0.22	0.004415919232322794	0.0019390581717451522
CID_8896	0.4116666666666666	0.22 < P03372 <= 0.30	-0.0007390035477538987	0.0011403508771929824
CID_74062	0.5348333333333333	0.22 < P03372 <= 0.30	0.0013991382865057166	0.0014815327793167128
CID_2122	0.71	P03372 <= 0.14	0.005936773651535229	0.001966759002770083
CID_68947	0.92	P03372 > 0.30	0.009370739995452067	0.002548476454293629
CID_443403	0.1125	P03372 > 0.30	0.002866239693888095	0.0003116343490304709
CID_168088	0.08	P03372 > 0.30	0.0029394880920949875	0.000221606648199446
CID_24321	0.233	0.14 < P03372 <= 0.22	0.0029299003128148778	0.0006454293628808865
CID_5486971	0.07166666666666666	0.22 < P03372 <= 0.30	-0.003969887811860345	0.000198522622345337
CID_7732	0.09	0.14 < P03372 <= 0.22	-0.001794912973271175	0.0002493074792243767
CID_2723754	0.10083333333333334	P03372 <= 0.14	0.0033607182146755837	0.0002793167128347184
CID_27211	0.27	0.14 < P03372 <= 0.22	-0.0019407890905989867	0.0007479224376731302
CID_23666110	0.22910714285714281	P03372 > 0.30	0.00023503224703602638	0.0006346458250890383
CID_308	0.05	0.22 < P03372 <= 0.30	-0.0007144954594637572	0.00013850415512465375
CID_10287749	0.055	0.14 < P03372 <= 0.22	0.0034039782835305877	0.00015235457063711913
CID_5284452	0.83	P03372 > 0.30	0.0031855944880254676	0.0022991689750692518
CID_8609	0.4641666666666667	P03372 > 0.30	0.005720375953844253	0.001285780240073869
CID_5281025	0.092	P03372 > 0.30	-0.004092959350836407	0.0002548476454293629
CID_7192	0.28	0.14 < P03372 <= 0.22	-5.531468432371997e-05	0.000775623268698061
CID_656583	0.4	0.14 < P03372 <= 0.22	-0.0005850337704304812	0.00110803324099723
CID_16682999	0.1325	P03372 > 0.30	0.0002777916260761665	0.00036703601108033245
CID_6917715	0.98	0.22 < P03372 <= 0.30	0.0016690141449122759	0.002714681440443213
CID_444025	0.20047619047619045	P03372 <= 0.14	5.8998253420815684e-05	0.0005553357076902782
CID_24730	0.06	P03372 > 0.30	0.000657370890199499	0.00016620498614958447
CID_69779	0.24333333333333332	0.14 < P03372 <= 0.22	0.00010237200366250601	0.0006740535549399815
CID_23706212	0.06	0.14 < P03372 <= 0.22	-0.001732502427482459	0.00016620498614958447
CID_470999	0.09	0.22 < P03372 <= 0.30	-0.00012179146219107317	0.0002493074792243767
CID_11074101	0.01	0.14 < P03372 <= 0.22	-0.0001232422944127665	2.770083102493075e-05
CID_7115	0.47585714285714287	0.14 < P03372 <= 0.22	0.0010134834994187502	0.0013181638306292045
CID_2725002	0.06	P03372 > 0.30	0.0025753518531043238	0.00016620498614958447
CID_5834	0.6225	0.14 < P03372 <= 0.22	-0.00017084281764472508	0.0017243767313019393
CID_8691	0.4	P03372 <= 0.14	0.0004548585272955571	0.00110803324099723
CID_3032281	0.02	0.22 < P03372 <= 0.30	0.004020504452312289	5.54016620498615e-05
CID_79878	0.1	P03372 > 0.30	0.0007882500126291128	0.0002770083102493075
CID_3346	0.15	0.22 < P03372 <= 0.30	-0.002130959326717195	0.0004155124653739612
CID_10127622	0.125	P03372 <= 0.14	0.0004794576356270579	0.00034626038781163435
CID_21307	0.08	P03372 <= 0.14	-0.004923045162363494	0.000221606648199446
CID_91604	0.09	P03372 > 0.30	-0.001063181400051217	0.0002493074792243767
CID_5284486	0.94	P03372 > 0.30	0.004317625350491147	0.00260387811634349
CID_70308	0.01	0.14 < P03372 <= 0.22	0.000354927490976121	2.770083102493075e-05
CID_5741	0.08	P03372 > 0.30	0.000609246436290014	0.000221606648199446
CID_16211610	0.1	P03372 > 0.30	-0.00022387817810544356	0.0002770083102493075
CID_153751	0.07	P03372 > 0.30	-0.0014038946086510505	0.00019390581717451525
CID_7166	0.115	0.14 < P03372 <= 0.22	-0.00258721675522913	0.0003185595567867036
CID_259329	0.1325	P03372 > 0.30	5.4799811902433185e-05	0.00036703601108033245
CID_6437380	0.18	P03372 > 0.30	0.0009754561874831408	0.0004986149584487534
CID_638088	0.023333333333333334	0.22 < P03372 <= 0.30	-0.0025972174700233013	6.463527239150508e-05
CID_94544	0.42083333333333334	0.14 < P03372 <= 0.22	0.00038648849286037414	0.0011657433056325023
CID_17549	0.06	P03372 <= 0.14	-0.001229945866645147	0.00016620498614958447
CID_6620	0.73875	P03372 <= 0.14	0.0026144797681874835	0.002046398891966759
CID_84677	0.7811666666666668	P03372 > 0.30	0.002609917843773923	0.0021638965835641738
CID_7062	0.07125	0.22 < P03372 <= 0.30	-0.002671735919373105	0.00019736842105263157
CID_259331	0.1425	P03372 > 0.30	0.0030022720121513	0.00039473684210526315
CID_93095	0.043	0.14 < P03372 <= 0.22	-0.0016685798688752707	0.00011911357340720221
CID_39764	0.01	P03372 > 0.30	-0.0012530902252662277	2.770083102493075e-05
CID_6918289	0.08	P03372 > 0.30	0.0009901264588418584	0.000221606648199446
CID_441375	0.06	0.22 < P03372 <= 0.30	0.00299949906654675	0.00016620498614958447
CID_4632	0.36	P03372 > 0.30	0.0007848840148047304	0.0009972299168975068
CID_9819350	0.23	P03372 > 0.30	0.003115132153192414	0.0006371191135734072
CID_38072	0.05	P03372 > 0.30	-0.001324110191695231	0.00013850415512465375
CID_189821	0.11333333333333333	P03372 <= 0.14	0.00035941926355141565	0.0003139427516158818
CID_92299	0.13	0.14 < P03372 <= 0.22	0.00501861157352186	0.00036011080332409975
CID_338733	0.46	P03372 > 0.30	0.003936124608219672	0.0012742382271468144
CID_61051	0.7033333333333335	0.22 < P03372 <= 0.30	0.000900694269340458	0.0019482917820867964
CID_229455	0.93	0.14 < P03372 <= 0.22	0.002776571086242342	0.00257617728531856
CID_636405	0.08800000000000001	P03372 <= 0.14	0.00046788988399398986	0.0002437673130193906
CID_7018	0.6841666666666667	0.14 < P03372 <= 0.22	0.0009145582651495631	0.0018951985226223454
CID_7176	0.29	P03372 <= 0.14	0.0032197206294603065	0.0008033240997229916
CID_60196342	0.1475	P03372 > 0.30	-0.002350031688782411	0.0004085872576177285
CID_9567	0.235	P03372 <= 0.14	0.0011284581818517437	0.0006509695290858725
CID_8179	0.01	0.14 < P03372 <= 0.22	0.004464118945774072	2.770083102493075e-05
CID_5280961	0.95	P03372 > 0.30	0.003965198924191622	0.002631578947368421
CID_2347	0.19375	0.22 < P03372 <= 0.30	-0.00026178123484035137	0.0005367036011080333
CID_10967	0.06	0.14 < P03372 <= 0.22	0.0005985544592835062	0.00016620498614958447
CID_3610	0.27	P03372 > 0.30	0.0008671376071793997	0.0007479224376731302
CID_444000	0.1	P03372 > 0.30	0.002939480804508544	0.0002770083102493075
CID_516900	0.03	0.14 < P03372 <= 0.22	0.0010676146040709683	8.310249307479224e-05
CID_15630	0.184	0.14 < P03372 <= 0.22	0.002199743672516031	0.0005096952908587258
CID_23672589	0.03	P03372 <= 0.14	-0.002455942449959177	8.310249307479224e-05
CID_6446	0.5316666666666666	P03372 > 0.30	0.0017871750468465648	0.0014727608494921514
CID_88836	0.19	P03372 <= 0.14	-0.0007026316552997435	0.0005263157894736842
CID_31657	0.02	P03372 <= 0.14	0.0019337956951711035	5.54016620498615e-05
CID_6231	1.0	P03372 > 0.30	0.003567813178233094	0.002770083102493075
CID_3083802	0.06	P03372 > 0.30	0.00021721624406552528	0.00016620498614958447
CID_6852393	0.7083333333333335	0.22 < P03372 <= 0.30	0.003014103272098352	0.0019621421975992617
CID_5281565	0.29600000000000004	0.14 < P03372 <= 0.22	0.0005500545918020764	0.0008199445983379502
CID_28780	0.11	P03372 <= 0.14	-0.00105371339725999	0.00030470914127423825
CID_62660	0.0425	0.22 < P03372 <= 0.30	-0.0015141422336596157	0.00011772853185595569
CID_5281576	0.21	P03372 > 0.30	0.0028255383545247913	0.0005817174515235457
CID_7070	0.78	P03372 <= 0.14	0.007347047995980612	0.0021606648199445984
CID_27812	0.96	0.22 < P03372 <= 0.30	0.004998197055040437	0.0026592797783933516
CID_64819	0.12666666666666665	P03372 > 0.30	0.0033541866823079583	0.0003508771929824561
CID_23678596	0.03	0.14 < P03372 <= 0.22	-0.00358272425342044	8.310249307479224e-05
CID_9074	0.5421515151515152	P03372 <= 0.14	0.001339106421305664	0.0015018047511122304
CID_167180	0.12083333333333332	0.22 < P03372 <= 0.30	-0.00032086296085361097	0.00033471837488457983
CID_2734398	0.07142857142857142	P03372 <= 0.14	-0.001566468433504577	0.00019786307874950534
CID_2737408	0.1325	P03372 <= 0.14	-0.0016129752279188518	0.00036703601108033245
CID_77942	0.05	0.14 < P03372 <= 0.22	-0.002829162775047808	0.00013850415512465375
CID_8698	0.14105263157894737	0.22 < P03372 <= 0.30	-0.0012150377587333133	0.0003907275112990232
CID_4059	0.03	P03372 > 0.30	-0.0027401167327193825	8.310249307479224e-05
CID_9849616	0.11	P03372 <= 0.14	0.0008514310064859179	0.00030470914127423825
CID_656511	0.03	0.22 < P03372 <= 0.30	-0.00016030934815332737	8.310249307479224e-05
CID_4766	0.3366666666666667	P03372 > 0.30	0.003469656622948365	0.000932594644506002
CID_5281078	0.24	P03372 > 0.30	0.0037968163869380846	0.0006648199445983379
CID_7652	0.85	0.22 < P03372 <= 0.30	0.003315158469926359	0.0023545706371191134
CID_36382	0.09300000000000001	P03372 <= 0.14	0.00044783135830756297	0.000257617728531856
CID_9568618	0.08	P03372 <= 0.14	-0.000470012428662533	0.000221606648199446
CID_102428	0.03	P03372 > 0.30	-0.0015302082705956096	8.310249307479224e-05
CID_5311066	0.0875	0.14 < P03372 <= 0.22	-0.0002723065123287743	0.00024238227146814402
CID_7309	0.02	P03372 > 0.30	-0.0006165816970122072	5.54016620498615e-05
CID_6623	0.8575	P03372 > 0.30	0.005242552829860449	0.0023753462603878115
CID_10021362	0.145	P03372 > 0.30	0.00011596555247607616	0.0004016620498614958
CID_32184	0.16	P03372 <= 0.14	-0.004957995858861443	0.000443213296398892
CID_20169	0.325	0.14 < P03372 <= 0.22	0.001948341346201183	0.0009002770083102493
CID_3286	0.15	0.22 < P03372 <= 0.30	-0.00013776539424092466	0.0004155124653739612
CID_11723708	0.2	P03372 <= 0.14	-0.0021536234238898767	0.000554016620498615
CID_10204	1.0	P03372 > 0.30	-7.674137876748967e-06	0.002770083102493075
CID_9818306	0.9	P03372 > 0.30	0.002901182693476402	0.002493074792243767
CID_248271	0.8	P03372 <= 0.14	0.0006368596522190933	0.00221606648199446
CID_16315	0.05	0.22 < P03372 <= 0.30	-0.004973238052399379	0.00013850415512465375
CID_72157	0.1	P03372 <= 0.14	0.0011720214384593917	0.0002770083102493075
CID_22833506	0.07666666666666666	0.14 < P03372 <= 0.22	0.001949159490396218	0.0002123730378578024
CID_11273	0.86	0.14 < P03372 <= 0.22	0.0024204531981221844	0.0023822714681440444
CID_5995	0.92	P03372 <= 0.14	0.003106088220264942	0.002548476454293629
CID_60196338	0.02	0.22 < P03372 <= 0.30	-0.005067809847684799	5.54016620498615e-05
CID_40301	0.16	P03372 <= 0.14	-0.0008651003086207869	0.000443213296398892
CID_6917974	0.39333333333333337	P03372 > 0.30	0.005104517261619902	0.001089566020313943
CID_5702746	0.34	0.14 < P03372 <= 0.22	0.001792270626261376	0.0009418282548476455
CID_441406	0.25	0.14 < P03372 <= 0.22	-0.000727578099510998	0.0006925207756232687
CID_636396	0.035	0.22 < P03372 <= 0.30	0.0011830866947086954	9.695290858725763e-05
CID_10316	0.6616666666666667	P03372 <= 0.14	0.00017941721094203483	0.0018328716528162514
CID_8433	0.30083333333333334	0.14 < P03372 <= 0.22	0.00017505653082710968	0.0008333333333333334
CID_16421	0.275	P03372 > 0.30	0.0004922851564698583	0.0007617728531855956
CID_4211	0.38678571428571423	0.14 < P03372 <= 0.22	0.0026631519111633925	0.0010714285714285713
CID_23704140	0.1	0.22 < P03372 <= 0.30	-0.0012867941434275645	0.0002770083102493075
CID_18992283	0.03	P03372 <= 0.14	-0.005372201549756816	8.310249307479224e-05
CID_67271	0.19833333333333336	P03372 <= 0.14	0.0019477996089150664	0.0005493998153277932
CID_3033968	0.94	0.22 < P03372 <= 0.30	0.0034049149986920928	0.00260387811634349
CID_47938	0.04	P03372 <= 0.14	-0.0023142559858136047	0.000110803324099723
CID_26204	0.05333333333333333	0.14 < P03372 <= 0.22	-0.004725360837890242	0.0001477377654662973
CID_440966	0.06	0.22 < P03372 <= 0.30	-0.005156108680991221	0.00016620498614958447
CID_444008	1.0	P03372 > 0.30	0.0030252882099130597	0.002770083102493075
CID_5281707	0.22	P03372 > 0.30	-0.0014612484741168491	0.0006094182825484765
CID_9403	0.83	P03372 > 0.30	0.0011670928793794597	0.0022991689750692518
CID_71645	0.6	P03372 > 0.30	0.0005765518481740114	0.0016620498614958448
CID_6025	0.07666666666666667	P03372 > 0.30	-0.0019193889822388592	0.00021237303785780242
